sample_id,ScoreType,nContigs,nARG,nMGE,nPAT,nARG_MGE,nARG_PAT,nARG_MGE_PAT,qARG,qMGE,qPAT,qARG_MGE,qARG_PAT,qARG_MGE_PAT,distance,RiskScore,Group
E105,Ecological,24983,199,2374,2967,25,62,6,0.007965,0.095025,0.118761,0.001001,0.002481688,0.00024,1.726746,30.626923,influent
E105,Human health,24983,14,2374,0,4,0,0,0.00056,0.095025,0,0.00016,0,0,1.99964,1.800962,influent
E108,Ecological,35735,19,795,168,4,0,0,0.000532,0.022247,0.004701,0.000112,0,0,1.731679,2.14516,final effluent
E108,Human health,35735,3,795,0,0,0,0,8.40E-05,0.022247,0,0,0,0,1.999958,0.209872,final effluent
E111,Ecological,26350,219,3035,2789,58,72,27,0.008311,0.11518,0.105844,0.002201,0.002732448,0.001025,1.725399,38.40547,influent
E111,Human health,26350,21,3035,40,10,0,0,0.000797,0.11518,0.001518,0.00038,0,0,1.999412,2.940635,influent
E114,Ecological,25020,47,1150,1307,4,7,1,0.001878,0.045963,0.052238,0.00016,0.000279776,4.00E-05,1.730851,6.924262,final effluent
E114,Human health,25020,2,1150,0,1,0,0,8.00E-05,0.045963,0,4.00E-05,0,0,1.99994,0.299755,final effluent
E115,Ecological,21367,159,1725,3109,25,61,9,0.007441,0.080732,0.145505,0.00117,0.00285487,0.000421,1.726844,30.059044,influent
E115,Human health,21367,14,1725,1,5,0,0,0.000655,0.080732,4.70E-05,0.000234,0,0,1.999555,2.222696,influent
E117,Ecological,36731,21,547,449,2,0,0,0.000572,0.014892,0.012224,5.40E-05,0,0,1.731689,2.086915,final effluent
E117,Human health,36731,0,547,1,0,0,0,0,0.014892,2.70E-05,0,0,0,2,0,final effluent
E121,Ecological,29164,179,3060,4919,47,64,16,0.006138,0.104924,0.168667,0.001612,0.002194486,0.000549,1.727265,27.630227,influent
E121,Human health,29164,25,3060,1,6,0,0,0.000857,0.104924,3.40E-05,0.000206,0,0,1.999469,2.656767,influent
E124,Ecological,16131,37,745,1340,7,9,2,0.002294,0.046184,0.08307,0.000434,0.000557932,0.000124,1.730405,9.500912,final effluent
E124,Human health,16131,4,745,0,0,0,0,0.000248,0.046184,0,0,0,0,1.999876,0.619867,final effluent
E127,Ecological,22455,135,1418,3177,7,59,3,0.006012,0.063149,0.141483,0.000312,0.002627477,0.000134,1.728329,21.487183,influent
E127,Human health,22455,5,1418,2,0,0,0,0.000223,0.063149,8.90E-05,0,0,0,1.999889,0.556622,influent
E129,Ecological,21524,55,688,2261,2,31,1,0.002555,0.031964,0.105046,9.30E-05,0.001440253,4.60E-05,1.730496,8.975349,final effluent
E129,Human health,21524,7,688,0,0,0,0,0.000325,0.031964,0,0,0,0,1.999837,0.812947,final effluent
E133,Ecological,20899,176,2237,2916,40,76,15,0.008421,0.107039,0.139528,0.001914,0.003636538,0.000718,1.725679,36.786364,influent
E133,Human health,20899,17,2237,3,8,0,0,0.000813,0.107039,0.000144,0.000383,0,0,1.999402,2.99001,influent
E136,Ecological,14468,93,884,1605,15,40,10,0.006428,0.0611,0.110934,0.001037,0.002764722,0.000691,1.727348,27.151843,final effluent
E136,Human health,14468,3,884,0,2,0,0,0.000207,0.0611,0,0.000138,0,0,1.999827,0.863935,final effluent
E139,Ecological,22513,206,1928,2992,46,69,22,0.00915,0.085639,0.132901,0.002043,0.003064896,0.000977,1.725035,40.503082,influent
E139,Human health,22513,14,1928,1,6,0,0,0.000622,0.085639,4.40E-05,0.000267,0,0,1.999556,2.220613,influent
E141,Ecological,24107,46,933,472,5,5,2,0.001908,0.038702,0.019579,0.000207,0.000207409,8.30E-05,1.730782,7.32497,final effluent
E141,Human health,24107,2,933,0,0,0,0,8.30E-05,0.038702,0,0,0,0,1.999959,0.207402,final effluent
E144,Ecological,19453,154,1869,2924,24,55,7,0.007917,0.096078,0.150311,0.001234,0.002827327,0.00036,1.72657,31.643197,influent
E144,Human health,19453,15,1869,2,7,0,0,0.000771,0.096078,0.000103,0.00036,0,0,1.999435,2.826822,influent
E145,Ecological,21322,27,548,227,1,0,0,0.001266,0.025701,0.010646,4.70E-05,0,0,1.731293,4.375607,final effluent
E145,Human health,21322,1,548,1,0,0,0,4.70E-05,0.025701,4.70E-05,0,0,0,1.999977,0.117248,final effluent
E149,Ecological,22616,175,2130,2585,35,69,13,0.007738,0.094181,0.1143,0.001548,0.003050937,0.000575,1.726367,32.817101,influent
E149,Human health,22616,15,2130,2,7,0,0,0.000663,0.094181,8.80E-05,0.00031,0,0,1.999514,2.431533,influent
E153,Ecological,20547,12,640,82,3,0,0,0.000584,0.031148,0.003991,0.000146,0,0,1.731629,2.433137,final effluent
E153,Human health,20547,2,640,1,0,0,0,9.70E-05,0.031148,4.90E-05,0,0,0,1.999951,0.243336,final effluent
E161,Ecological,22788,192,1971,3528,20,69,8,0.008425,0.086493,0.154818,0.000878,0.003027909,0.000351,1.726489,32.112436,influent
E161,Human health,22788,10,1971,2,4,0,0,0.000439,0.086493,8.80E-05,0.000176,0,0,1.999693,1.535735,influent
E164,Ecological,31303,15,455,137,3,0,0,0.000479,0.014535,0.004377,9.60E-05,0,0,1.731719,1.916535,final effluent
E164,Human health,31303,6,455,0,0,0,0,0.000192,0.014535,0,0,0,0,1.999904,0.479153,final effluent
E167,Ecological,25800,167,2632,2543,53,70,28,0.006473,0.102016,0.098566,0.002054,0.002713178,0.001085,1.726506,32.013761,influent
E167,Human health,25800,16,2632,23,8,0,0,0.00062,0.102016,0.000891,0.00031,0,0,1.999535,2.325251,influent
E170,Ecological,18891,23,811,180,3,0,0,0.001218,0.04293,0.009528,0.000159,0,0,1.731256,4.586262,final effluent
E170,Human health,18891,3,811,0,0,0,0,0.000159,0.04293,0,0,0,0,1.999921,0.396991,final effluent
E172,Ecological,16928,80,1222,2012,15,25,4,0.004726,0.072188,0.118856,0.000886,0.001476843,0.000236,1.728678,19.474667,influent
E172,Human health,16928,7,1222,0,6,0,0,0.000414,0.072188,0,0.000354,0,0,1.999616,1.91971,influent
E174,Ecological,27328,23,570,145,1,0,0,0.000842,0.020858,0.005306,3.70E-05,0,0,1.731544,2.926646,final effluent
E174,Human health,27328,2,570,0,0,0,0,7.30E-05,0.020858,0,0,0,0,1.999963,0.182958,final effluent
E178,Ecological,19676,209,2037,3519,31,92,15,0.010622,0.103527,0.178847,0.001576,0.004675747,0.000762,1.724586,43.099563,influent
E178,Human health,19676,23,2037,3,6,0,0,0.001169,0.103527,0.000152,0.000305,0,0,1.999263,3.683546,influent
E181,Ecological,8699,25,568,675,5,8,2,0.002874,0.065295,0.077595,0.000575,0.000919646,0.00023,1.729928,12.255051,final effluent
E181,Human health,8699,3,568,0,0,0,0,0.000345,0.065295,0,0,0,0,1.999828,0.862057,final effluent
E184,Ecological,23336,180,2008,4082,20,75,6,0.007713,0.086047,0.174923,0.000857,0.003213918,0.000257,1.726964,29.367837,influent
E184,Human health,23336,10,2008,1,3,0,0,0.000429,0.086047,4.30E-05,0.000129,0,0,1.999721,1.392545,influent
E186,Ecological,23317,26,509,186,1,0,0,0.001115,0.02183,0.007977,4.30E-05,0,0,1.731382,3.858514,final effluent
E186,Human health,23317,4,509,0,0,0,0,0.000172,0.02183,0,0,0,0,1.999914,0.428844,final effluent
E190,Ecological,18968,150,1840,3014,18,56,2,0.007908,0.097005,0.158899,0.000949,0.002952341,0.000105,1.726887,29.813571,influent
E190,Human health,18968,11,1840,4,5,0,0,0.00058,0.097005,0.000211,0.000264,0,0,1.999578,2.10853,influent
E193,Ecological,7813,15,370,978,2,7,1,0.00192,0.047357,0.125176,0.000256,0.000895943,0.000128,1.730721,7.676175,final effluent
E193,Human health,7813,0,370,0,0,0,0,0,0.047357,0,0,0,0,2,0,final effluent
E196,Ecological,17816,174,1832,2737,28,78,15,0.009767,0.102829,0.153626,0.001572,0.004378087,0.000842,1.725033,40.518023,influent
E196,Human health,17816,13,1832,6,2,0,0,0.00073,0.102829,0.000337,0.000112,0,0,1.999579,2.10439,influent
E198,Ecological,26199,53,927,167,2,0,0,0.002023,0.035383,0.006374,7.60E-05,0,0,1.73084,6.993337,final effluent
E198,Human health,26199,5,927,0,0,0,0,0.000191,0.035383,0,0,0,0,1.999905,0.477083,final effluent
E201,Ecological,24012,218,2103,4046,28,81,6,0.009079,0.087581,0.168499,0.001166,0.003373313,0.00025,1.726005,34.903678,influent
E201,Human health,24012,12,2103,4,5,0,0,0.0005,0.087581,0.000167,0.000208,0,0,1.999646,1.769739,influent
E202,Ecological,26297,45,822,367,4,5,3,0.001711,0.031258,0.013956,0.000152,0.000190136,0.000114,1.73091,6.588603,final effluent
E202,Human health,26297,4,822,0,0,0,0,0.000152,0.031258,0,0,0,0,1.999924,0.38025,final effluent
E205,Ecological,25896,217,2591,3739,38,80,9,0.00838,0.100054,0.144385,0.001467,0.00308928,0.000348,1.726176,33.918785,influent
E205,Human health,25896,20,2591,2,6,0,0,0.000772,0.100054,7.70E-05,0.000232,0,0,1.999498,2.509542,influent
E209,Ecological,21698,23,685,138,1,0,0,0.00106,0.03157,0.00636,4.60E-05,0,0,1.731412,3.685779,final effluent
E209,Human health,21698,5,685,0,0,0,0,0.00023,0.03157,0,0,0,0,1.999885,0.57604,final effluent
E321,Ecological,26399,180,2413,3580,27,76,13,0.006818,0.091405,0.135611,0.001023,0.002878897,0.000492,1.727247,27.737666,influent
E321,Human health,26399,10,2413,2,4,0,0,0.000379,0.091405,7.60E-05,0.000152,0,0,1.999735,1.325688,influent
E324,Ecological,26497,16,584,129,2,0,0,0.000604,0.02204,0.004868,7.50E-05,0,0,1.731659,2.264046,final effluent
E324,Human health,26497,3,584,0,0,0,0,0.000113,0.02204,0,0,0,0,1.999943,0.283039,final effluent
E326,Ecological,24806,188,2281,2910,28,68,7,0.007579,0.091954,0.11731,0.001129,0.002741272,0.000282,1.72687,29.91262,influent
E326,Human health,24806,15,2281,3,8,0,0,0.000605,0.091954,0.000121,0.000323,0,0,1.999536,2.317669,influent
E329,Ecological,19772,35,948,290,5,0,0,0.00177,0.047947,0.014667,0.000253,0,0,1.730883,6.740486,final effluent
E329,Human health,19772,4,948,1,1,0,0,0.000202,0.047947,5.10E-05,5.10E-05,0,0,1.999874,0.632173,final effluent
E332,Ecological,20327,75,1312,974,17,19,4,0.00369,0.064545,0.047917,0.000836,0.000934717,0.000197,1.729326,15.731062,influent
E332,Human health,20327,7,1312,0,5,0,0,0.000344,0.064545,0,0.000246,0,0,1.999705,1.475755,influent
E334,Ecological,27823,10,509,192,1,0,0,0.000359,0.018294,0.006901,3.60E-05,0,0,1.731823,1.317724,final effluent
E334,Human health,27823,3,509,2,0,0,0,0.000108,0.018294,7.20E-05,0,0,0,1.999946,0.26955,final effluent
E338,Ecological,27642,208,2728,3046,68,88,33,0.007525,0.09869,0.110195,0.00246,0.003183561,0.001194,1.725603,37.224589,influent
E338,Human health,27642,23,2728,13,11,0,0,0.000832,0.09869,0.00047,0.000398,0,0,1.999385,3.07444,influent
E341,Ecological,11675,59,811,695,24,31,14,0.005054,0.069465,0.059529,0.002056,0.002655246,0.001199,1.727256,27.680812,final effluent
E341,Human health,11675,1,811,0,1,0,0,8.60E-05,0.069465,0,8.60E-05,0,0,1.999914,0.428256,final effluent
E344,Ecological,23011,132,1563,2106,13,53,3,0.005736,0.067924,0.091521,0.000565,0.002303246,0.00013,1.728343,21.40653,influent
E344,Human health,23011,6,1563,1,4,0,0,0.000261,0.067924,4.30E-05,0.000174,0,0,1.999783,1.086373,influent
E346,Ecological,21732,18,624,107,3,0,0,0.000828,0.028713,0.004924,0.000138,0,0,1.731493,3.2204,final effluent
E346,Human health,21732,5,624,0,1,0,0,0.00023,0.028713,0,4.60E-05,0,0,1.999862,0.690181,final effluent
E350,Ecological,26523,214,2394,4330,19,92,7,0.008068,0.090261,0.163255,0.000716,0.003468688,0.000264,1.726838,30.098324,influent
E350,Human health,26523,10,2394,4,3,0,0,0.000377,0.090261,0.000151,0.000113,0,0,1.999755,1.225233,influent
E353,Ecological,12158,38,554,1168,2,19,1,0.003126,0.045567,0.096068,0.000165,0.001562757,8.20E-05,1.730106,11.230853,final effluent
E353,Human health,12158,0,554,1,0,0,0,0,0.045567,8.20E-05,0,0,0,2,0,final effluent
E356,Ecological,20716,154,2035,3509,30,58,9,0.007434,0.098233,0.169386,0.001448,0.002799768,0.000434,1.72668,31.007059,influent
E356,Human health,20716,13,2035,0,6,0,0,0.000628,0.098233,0,0.00029,0,0,1.999541,2.292579,influent
E358,Ecological,19020,48,950,497,6,5,1,0.002524,0.049947,0.02613,0.000315,0.000262881,5.30E-05,1.730382,9.632831,final effluent
E358,Human health,19020,5,950,0,2,0,0,0.000263,0.049947,0,0.000105,0,0,1.999816,0.920026,final effluent
E361,Ecological,20866,202,2099,3858,33,73,7,0.009681,0.100594,0.184894,0.001582,0.003498514,0.000335,1.72537,38.573223,influent
E361,Human health,20866,9,2099,1,3,0,0,0.000431,0.100594,4.80E-05,0.000144,0,0,1.999712,1.437591,influent
E362,Ecological,22036,16,555,114,2,0,0,0.000726,0.025186,0.005173,9.10E-05,0,0,1.731579,2.722295,final effluent
E362,Human health,22036,7,555,0,0,0,0,0.000318,0.025186,0,0,0,0,1.999841,0.79406,final effluent
E365,Ecological,28379,234,2717,3834,40,75,6,0.008246,0.09574,0.1351,0.001409,0.002642799,0.000211,1.726365,32.825343,influent
E365,Human health,28379,21,2717,2,10,0,0,0.00074,0.09574,7.00E-05,0.000352,0,0,1.999454,2.730426,influent
E369,Ecological,22059,33,749,681,3,13,2,0.001496,0.033954,0.030872,0.000136,0.000589329,9.10E-05,1.731057,5.740049,final effluent
E369,Human health,22059,5,749,0,0,0,0,0.000227,0.033954,0,0,0,0,1.999887,0.566614,final effluent
E376,Ecological,18617,99,1547,1702,19,27,4,0.005318,0.083096,0.091422,0.001021,0.001450287,0.000215,1.728272,21.818694,influent
E376,Human health,18617,11,1547,0,3,0,0,0.000591,0.083096,0,0.000161,0,0,1.999624,1.87971,influent
E379,Ecological,26405,11,616,142,1,1,0,0.000417,0.023329,0.005378,3.80E-05,3.79E-05,0,1.731788,1.514688,final effluent
E379,Human health,26405,1,616,0,0,0,0,3.80E-05,0.023329,0,0,0,0,1.999981,0.094678,final effluent
E382,Ecological,19280,117,1674,1183,38,48,17,0.006068,0.086826,0.061359,0.001971,0.002489627,0.000882,1.726905,29.712199,influent
E382,Human health,19280,18,1674,1,10,0,0,0.000934,0.086826,5.20E-05,0.000519,0,0,1.999274,3.629938,influent
E385,Ecological,18986,38,975,823,4,2,0,0.002001,0.051354,0.043348,0.000211,0.000105341,0,1.730774,7.36982,final effluent
E385,Human health,18986,3,975,0,1,0,0,0.000158,0.051354,0,5.30E-05,0,0,1.999895,0.526683,final effluent
E387,Ecological,18496,107,1367,1086,15,27,4,0.005785,0.073908,0.058715,0.000811,0.001459775,0.000216,1.728123,22.676372,influent
E387,Human health,18496,12,1367,0,6,0,0,0.000649,0.073908,0,0.000324,0,0,1.999513,2.432597,influent
E389,Ecological,25640,3,436,182,0,0,0,0.000117,0.017005,0.007098,0,0,0,1.731983,0.39,final effluent
E389,Human health,25640,1,436,0,0,0,0,3.90E-05,0.017005,0,0,0,0,1.99998,0.097502,final effluent
E393,Ecological,26144,222,2704,3168,54,93,30,0.008491,0.103427,0.121175,0.002065,0.003557222,0.001147,1.725303,38.961107,influent
E393,Human health,26144,23,2704,16,9,0,0,0.00088,0.103427,0.000612,0.000344,0,0,1.999388,3.059328,influent
E396,Ecological,12458,50,702,1877,7,24,3,0.004013,0.056349,0.150666,0.000562,0.001926473,0.000241,1.729273,16.039335,final effluent
E396,Human health,12458,0,702,0,0,0,0,0,0.056349,0,0,0,0,2,0,final effluent
E399,Ecological,25995,199,2213,5118,28,94,8,0.007655,0.085132,0.196884,0.001077,0.00361608,0.000308,1.726841,30.079474,influent
E399,Human health,25995,13,2213,5,4,0,0,0.0005,0.085132,0.000192,0.000154,0,0,1.999673,1.634721,influent
E401,Ecological,30255,42,551,241,2,2,0,0.001388,0.018212,0.007966,6.60E-05,6.61E-05,0,1.731212,4.845638,final effluent
E401,Human health,30255,6,551,0,1,0,0,0.000198,0.018212,0,3.30E-05,0,0,1.999884,0.578383,final effluent
E405,Ecological,26836,218,2268,3756,21,80,5,0.008123,0.084513,0.139961,0.000783,0.00298107,0.000186,1.726813,30.242215,influent
E405,Human health,26836,15,2268,3,5,0,0,0.000559,0.084513,0.000112,0.000186,0,0,1.999627,1.862908,influent
E408,Ecological,9611,63,718,1229,7,30,6,0.006555,0.074706,0.127874,0.000728,0.003121423,0.000624,1.727492,26.320177,final effluent
E408,Human health,9611,2,718,0,0,0,0,0.000208,0.074706,0,0,0,0,1.999896,0.520197,final effluent
E411,Ecological,22026,221,2025,3237,38,98,12,0.010034,0.091937,0.146963,0.001725,0.004449287,0.000545,1.724963,40.922626,influent
E411,Human health,22026,13,2025,1,6,0,0,0.00059,0.091937,4.50E-05,0.000272,0,0,1.999569,2.156247,influent
E413,Ecological,14131,12,623,162,2,0,0,0.000849,0.044087,0.011464,0.000142,0,0,1.731479,3.301742,final effluent
E413,Human health,14131,4,623,0,0,0,0,0.000283,0.044087,0,0,0,0,1.999858,0.707589,final effluent
E416,Ecological,27333,314,2929,3709,66,118,26,0.011488,0.10716,0.135697,0.002415,0.004317126,0.000951,1.723494,49.403654,influent
E416,Human health,27333,20,2929,5,8,0,0,0.000732,0.10716,0.000183,0.000293,0,0,1.999488,2.560558,influent
E417,Ecological,23328,21,681,135,1,0,0,0.0009,0.029192,0.005787,4.30E-05,0,0,1.731506,3.142716,final effluent
E417,Human health,23328,3,681,0,0,0,0,0.000129,0.029192,0,0,0,0,1.999936,0.321487,final effluent
E420,Ecological,25131,227,2677,3815,39,82,7,0.009033,0.106522,0.151805,0.001552,0.003262902,0.000279,1.725792,36.135422,influent
E420,Human health,25131,17,2677,2,8,0,0,0.000676,0.106522,8.00E-05,0.000318,0,0,1.999503,2.486579,influent
E425,Ecological,43164,144,2399,2066,13,28,5,0.003336,0.055579,0.047864,0.000301,0.000648689,0.000116,1.729886,12.499514,final effluent
E425,Human health,43164,13,2399,1,3,0,0,0.000301,0.055579,2.30E-05,7.00E-05,0,0,1.999815,0.926622,final effluent
E426,Ecological,43483,140,2181,1176,21,21,5,0.00322,0.050158,0.027045,0.000483,0.000482947,0.000115,1.729848,12.715676,influent
E426,Human health,43483,11,2181,0,4,0,0,0.000253,0.050158,0,9.20E-05,0,0,1.999828,0.862353,influent
E430,Ecological,28025,22,575,587,2,7,1,0.000785,0.020517,0.020946,7.10E-05,0.000249777,3.60E-05,1.731536,2.97294,final effluent
E430,Human health,28025,1,575,1,0,0,0,3.60E-05,0.020517,3.60E-05,0,0,0,1.999982,0.089205,final effluent
E433,Ecological,18352,144,1928,1777,25,48,8,0.007847,0.105057,0.096829,0.001362,0.002615519,0.000436,1.726492,32.094564,influent
E433,Human health,18352,11,1928,1,5,0,0,0.000599,0.105057,5.40E-05,0.000272,0,0,1.999564,2.179295,influent
E436,Ecological,26976,204,1711,1814,20,32,3,0.007562,0.063427,0.067245,0.000741,0.00118624,0.000111,1.727202,27.992553,final effluent
E436,Human health,26976,5,1711,0,0,0,0,0.000185,0.063427,0,0,0,0,1.999907,0.463343,final effluent
E439,Ecological,20651,95,1219,1207,12,20,3,0.0046,0.059029,0.058448,0.000581,0.000968476,0.000145,1.728979,17.735254,influent
E439,Human health,20651,10,1219,0,4,0,0,0.000484,0.059029,0,0.000194,0,0,1.999661,1.694637,influent
E441,Ecological,29317,17,613,217,0,0,0,0.00058,0.020909,0.007402,0,0,0,1.731716,1.932521,final effluent
E441,Human health,29317,4,613,0,0,0,0,0.000136,0.020909,0,0,0,0,1.999932,0.341082,final effluent
E445,Ecological,21591,194,2277,2973,51,84,27,0.008985,0.105461,0.137696,0.002362,0.00389051,0.001251,1.724788,41.934267,influent
E445,Human health,21591,22,2277,8,12,0,0,0.001019,0.105461,0.000371,0.000556,0,0,1.999213,3.935916,influent
E448,Ecological,19930,63,947,2053,10,26,7,0.003161,0.047516,0.103011,0.000502,0.001304566,0.000351,1.729735,13.371825,final effluent
E448,Human health,19930,2,947,0,0,0,0,0.0001,0.047516,0,0,0,0,1.99995,0.250869,final effluent
E451,Ecological,24340,217,2118,5056,30,93,11,0.008915,0.087017,0.207724,0.001233,0.003820871,0.000452,1.725944,35.259602,influent
E451,Human health,24340,9,2118,2,4,0,0,0.00037,0.087017,8.20E-05,0.000164,0,0,1.999733,1.335135,influent
E453,Ecological,26086,51,835,1987,6,26,3,0.001955,0.03201,0.076171,0.00023,0.000996703,0.000115,1.730723,7.663403,final effluent
E453,Human health,26086,3,835,1,0,0,0,0.000115,0.03201,3.80E-05,0,0,0,1.999943,0.287498,final effluent
E457,Ecological,19197,196,1778,3574,19,81,7,0.01021,0.092619,0.186175,0.00099,0.004219409,0.000365,1.725392,38.446003,influent
E457,Human health,19197,9,1778,4,5,0,0,0.000469,0.092619,0.000208,0.00026,0,0,1.999635,1.823008,influent
E460,Ecological,10809,28,577,947,2,12,1,0.00259,0.053381,0.087612,0.000185,0.001110186,9.30E-05,1.730396,9.553243,final effluent
E460,Human health,10809,1,577,0,0,0,0,9.30E-05,0.053381,0,0,0,0,1.999954,0.231281,final effluent
E463,Ecological,16058,157,1637,2800,49,74,20,0.009777,0.101943,0.174368,0.003051,0.004608295,0.001245,1.723937,46.845576,influent
E463,Human health,16058,12,1637,3,8,0,0,0.000747,0.101943,0.000187,0.000498,0,0,1.999377,3.113189,influent
E465,Ecological,28750,89,1469,989,12,14,6,0.003096,0.051096,0.0344,0.000417,0.000486957,0.000209,1.729904,12.397147,final effluent
E465,Human health,28750,2,1469,0,1,0,0,7.00E-05,0.051096,0,3.50E-05,0,0,1.999948,0.260865,final effluent
E468,Ecological,17194,199,1972,3384,44,79,15,0.011574,0.114691,0.196813,0.002559,0.004594626,0.000872,1.723407,49.906543,influent
E468,Human health,17194,14,1972,1,7,0,0,0.000814,0.114691,5.80E-05,0.000407,0,0,1.999389,3.052821,influent
E469,Ecological,22933,31,711,187,1,1,0,0.001352,0.031003,0.008154,4.40E-05,4.36E-05,0,1.731246,4.649263,final effluent
E469,Human health,22933,1,711,0,0,0,0,4.40E-05,0.031003,0,0,0,0,1.999978,0.109011,final effluent
E472,Ecological,20486,65,1129,940,4,20,2,0.003173,0.055111,0.045885,0.000195,0.000976276,9.80E-05,1.730052,11.542408,influent
E472,Human health,20486,2,1129,0,0,0,0,9.80E-05,0.055111,0,0,0,0,1.999951,0.24406,influent
E476,Ecological,22135,5,609,85,1,0,0,0.000226,0.027513,0.00384,4.50E-05,0,0,1.731894,0.903499,final effluent
E476,Human health,22135,2,609,0,0,0,0,9.00E-05,0.027513,0,0,0,0,1.999955,0.225879,final effluent
E484,Ecological,21067,251,2117,4136,32,99,12,0.011914,0.100489,0.196326,0.001519,0.004699293,0.00057,1.723989,46.54382,influent
E484,Human health,21067,16,2117,6,3,0,0,0.000759,0.100489,0.000285,0.000142,0,0,1.999549,2.254219,influent
E487,Ecological,29274,24,479,1377,1,12,1,0.00082,0.016363,0.047038,3.40E-05,0.00040992,3.40E-05,1.731538,2.959848,final effluent
E487,Human health,29274,4,479,1,0,0,0,0.000137,0.016363,3.40E-05,0,0,0,1.999932,0.341583,final effluent
E496,Ecological,17423,106,1199,1200,15,27,4,0.006084,0.068817,0.068874,0.000861,0.001549676,0.00023,1.727915,23.880249,influent
E496,Human health,17423,10,1199,2,3,0,0,0.000574,0.068817,0.000115,0.000172,0,0,1.999627,1.865075,influent
E498,Ecological,27257,32,676,706,2,2,0,0.001174,0.024801,0.025902,7.30E-05,7.34E-05,0,1.731331,4.156511,final effluent
E498,Human health,27257,3,676,0,0,0,0,0.00011,0.024801,0,0,0,0,1.999945,0.275147,final effluent
E502,Ecological,20795,194,2207,2768,43,84,25,0.009329,0.106131,0.133109,0.002068,0.004039433,0.001202,1.724788,41.930593,influent
E502,Human health,20795,19,2207,22,6,0,0,0.000914,0.106131,0.001058,0.000289,0,0,1.999399,3.004834,influent
E506,Ecological,21601,142,2097,2163,25,24,4,0.006574,0.097079,0.100134,0.001157,0.00111106,0.000185,1.727487,26.348065,final effluent
E506,Human health,21601,25,2097,1,9,0,0,0.001157,0.097079,4.60E-05,0.000417,0,0,1.999213,3.933885,final effluent
E509,Ecological,22842,14,423,101,1,0,0,0.000613,0.018519,0.004422,4.40E-05,0,0,1.731672,2.18856,influent
E509,Human health,22842,9,423,0,1,0,0,0.000394,0.018519,0,4.40E-05,0,0,1.999781,1.094339,influent
E511,Ecological,16706,81,1524,1581,12,16,2,0.004849,0.091225,0.094637,0.000718,0.00095774,0.00012,1.728771,18.933124,final effluent
E511,Human health,16706,7,1524,0,2,0,0,0.000419,0.091225,0,0.00012,0,0,1.999731,1.346675,final effluent
E520,Ecological,25779,346,2526,4838,56,135,27,0.013422,0.097987,0.187672,0.002172,0.005236821,0.001047,1.72247,55.314559,influent
E520,Human health,25779,25,2526,12,6,0,0,0.00097,0.097987,0.000465,0.000233,0,0,1.999399,3.005531,influent
E522,Ecological,29251,59,1011,171,2,0,0,0.002017,0.034563,0.005846,6.80E-05,0,0,1.730848,6.946954,final effluent
E522,Human health,29251,2,1011,0,0,0,0,6.80E-05,0.034563,0,0,0,0,1.999966,0.17093,final effluent
